,RevenueID,Film Name,CinemaID,total_sales,Standard_Seats_sold,VIP_Seats_sold,Standard_Seats_out,VIP_Seats_out,occu_perc,ticket_use,year,quarter,month,day
0,RV1,Avengers: Endgame,C1,29125,517,648,2,2,64.5,1161,2018,2,5,5
1,RV2,Avengers: Endgame,C1,36450,791,667,2,5,80.61,1451,2018,2,5,4
2,RV3,Avengers: Endgame,C1,2350,62,32,0,6,4.89,88,2018,2,5,3
3,RV4,Avengers: Endgame,C1,4300,143,29,0,10,9.0,162,2018,2,5,2
4,RV5,Avengers: Endgame,C1,26375,894,161,3,3,58.28,1049,2018,2,5,6
5,RV6,Avengers: Endgame,C1,37625,1374,131,0,3,83.44,1502,2018,2,6,26
6,RV7,Avengers: Endgame,C2,61825,1315,1158,0,2,98.84,2471,2018,2,6,26
7,RV8,Avengers: Endgame,C2,24525,177,804,0,2,39.16,979,2018,2,6,25
8,RV9,Avengers: Endgame,C2,48250,417,1513,1,2,77.08,1927,2018,2,6,24
9,RV10,Avengers: Endgame,C2,9000,170,190,3,5,14.08,352,2018,2,6,23
10,RV11,Avengers: Endgame,C2,1300,10,42,0,2,2.0,50,2018,2,6,22
11,RV12,Avengers: Endgame,C2,53925,1250,907,0,3,86.16,2154,2018,2,6,21
12,RV13,Avengers: Endgame,C2,49275,1296,675,4,5,78.48,1962,2018,2,6,20
13,RV14,Avengers: Endgame,C1,5550,194,28,1,3,12.11,218,2018,2,6,19
14,RV15,Avengers: Endgame,C2,54875,546,1649,0,0,87.8,2195,2018,2,6,19
15,RV16,Avengers: Endgame,C2,27225,480,609,2,4,43.32,1083,2018,2,6,18
16,RV17,Avengers: Endgame,C2,26575,849,214,2,3,42.32,1058,2018,2,6,17
17,RV18,Avengers: Endgame,C2,23025,760,161,0,0,36.84,921,2018,2,6,16
18,RV19,Avengers: Endgame,C2,55300,472,1740,2,2,88.32,2208,2018,2,6,15
19,RV20,Avengers: Endgame,C1,2825,4,109,0,2,6.17,111,2018,2,6,15
20,RV21,Avengers: Endgame,C1,1450,22,36,1,1,3.11,56,2018,2,6,14
21,RV22,Avengers: Endgame,C2,6400,150,106,1,1,10.16,254,2018,2,6,14
22,RV23,Avengers: Endgame,C2,5350,179,35,0,10,8.16,204,2018,2,6,13
23,RV24,Avengers: Endgame,C1,9450,154,224,0,6,20.67,372,2018,2,6,12
24,RV25,Avengers: Endgame,C2,41050,642,1000,0,3,65.56,1639,2018,2,6,12
25,RV26,Avengers: Endgame,C1,38250,1035,495,0,8,84.56,1522,2018,2,6,11
26,RV27,Avengers: Endgame,C1,9050,360,2,3,6,19.61,353,2018,2,6,10
27,RV28,Avengers: Endgame,C1,33175,17,1310,5,5,73.17,1317,2018,2,6,9
28,RV29,Avengers: Endgame,C1,2525,10,91,1,2,5.44,98,2018,2,6,8
29,RV30,Avengers: Endgame,C1,30025,617,584,2,5,66.33,1194,2018,2,6,7
30,RV31,Avengers: Endgame,C1,43900,1357,399,0,3,97.39,1753,2018,2,6,2
31,RV32,Avengers: Endgame,C1,40575,1547,76,3,3,89.83,1617,2018,2,6,1
32,RV33,Avengers: Endgame,C1,31875,409,866,0,2,70.72,1273,2018,2,5,31
33,RV34,Avengers: Endgame,C1,4825,125,68,1,8,10.22,184,2018,2,5,30
34,RV35,Avengers: Endgame,C1,1475,15,44,1,9,2.72,49,2018,2,5,29
35,RV36,Avengers: Endgame,C1,28025,91,1030,0,2,62.17,1119,2018,2,5,28
36,RV37,Avengers: Endgame,C1,34925,844,553,0,1,77.56,1396,2018,2,5,27
37,RV38,Avengers: Endgame,C1,44925,402,1395,0,5,99.56,1792,2018,2,5,26
38,RV39,Avengers: Endgame,C1,15450,504,114,2,7,33.83,609,2018,2,5,25
39,RV40,Avengers: Endgame,C1,22150,548,338,1,1,49.11,884,2018,2,5,24
40,RV41,Avengers: Endgame,C1,7525,126,175,0,2,16.61,299,2018,2,5,23
41,RV42,Avengers: Endgame,C1,4300,111,61,1,1,9.44,170,2018,2,5,22
42,RV43,Avengers: Endgame,C1,28850,171,983,0,9,63.61,1145,2018,2,5,21
43,RV44,Avengers: Endgame,C1,10300,202,210,0,3,22.72,409,2018,2,5,20
44,RV45,Avengers: Endgame,C1,2750,96,14,0,8,5.67,102,2018,2,5,19
45,RV46,Avengers: Endgame,C1,31475,1230,29,2,6,69.5,1251,2018,2,5,18
46,RV47,Avengers: Endgame,C1,3775,118,33,1,9,7.83,141,2018,2,5,17
47,RV48,Avengers: Endgame,C1,11125,182,263,1,6,24.33,438,2018,2,5,16
48,RV49,Avengers: Endgame,C1,3150,38,88,2,6,6.56,118,2018,2,5,15
49,RV50,Avengers: Endgame,C1,13175,375,152,3,3,28.94,521,2018,2,5,14
50,RV51,Avengers: Endgame,C1,40175,141,1466,0,4,89.06,1603,2018,2,5,13
51,RV52,Avengers: Endgame,C1,20475,18,801,3,4,45.11,812,2018,2,5,12
52,RV53,Avengers: Endgame,C1,2975,68,51,3,6,6.11,110,2018,2,5,11
53,RV54,Avengers: Endgame,C1,32450,1179,119,2,3,71.83,1293,2018,2,5,10
54,RV55,Avengers: Endgame,C1,2750,23,87,1,6,5.72,103,2018,2,5,9
55,RV56,Avengers: Endgame,C1,4400,89,87,0,3,9.61,173,2018,2,5,8
56,RV57,Avengers: Endgame,C1,33975,572,787,3,3,75.17,1353,2018,2,5,7
57,RV58,Deadpool 2,C1,10560,304,224,2,2,29.11,524,2018,3,9,17
58,RV59,Deadpool 2,C1,26640,558,774,2,2,73.78,1328,2018,3,9,16
59,RV60,Deadpool 2,C1,8140,287,120,1,5,22.28,401,2018,3,9,15
60,RV61,Deadpool 2,C1,24360,398,820,1,1,67.56,1216,2018,3,9,14
61,RV62,Deadpool 2,C1,17020,111,740,1,7,46.83,843,2018,3,9,13
62,RV63,Deadpool 2,C1,1240,20,42,2,8,2.89,52,2018,3,9,12
63,RV64,Deadpool 2,C1,25740,200,1087,2,4,71.17,1281,2018,3,9,11
64,RV65,Deadpool 2,C1,10900,511,34,0,2,30.17,543,2018,3,9,10
65,RV66,Deadpool 2,C1,14120,164,542,2,7,38.72,697,2018,3,9,9
66,RV67,Deadpool 2,C1,27540,766,611,0,1,76.44,1376,2018,3,9,8
67,RV68,Deadpool 2,C1,26120,759,547,1,4,72.28,1301,2018,3,9,7
68,RV69,Deadpool 2,C1,30600,813,717,5,5,84.44,1520,2018,3,9,6
69,RV70,Deadpool 2,C1,20220,638,373,0,7,55.78,1004,2018,3,9,25
70,RV71,Deadpool 2,C1,22860,714,429,1,6,63.11,1136,2018,3,9,24
71,RV72,Deadpool 2,C1,24960,463,785,1,6,68.94,1241,2018,3,9,23
72,RV73,Home Alone,C1,29502,753,886,0,0,91.06,1639,2018,2,5,5
73,RV74,Home Alone,C1,29952,400,1264,0,7,92.06,1657,2018,2,5,4
74,RV75,Home Alone,C1,29808,100,1556,1,1,91.89,1654,2018,2,5,3
75,RV76,Home Alone,C1,27144,1355,153,1,4,83.5,1503,2018,2,5,2
76,RV77,Home Alone,C1,10962,166,443,0,3,33.67,606,2018,2,5,6
77,RV78,Home Alone,C1,12006,602,65,0,3,36.89,664,2018,3,7,15
78,RV79,Home Alone,C1,27954,308,1245,0,0,86.28,1553,2018,3,7,14
79,RV80,Home Alone,C1,27648,584,952,1,1,85.22,1534,2018,3,7,11
80,RV81,Home Alone,C1,26154,1162,291,0,6,80.39,1447,2018,3,7,10
81,RV82,Home Alone,C1,2556,79,63,0,0,7.89,142,2018,3,7,8
82,RV83,Home Alone,C1,11880,352,308,0,4,36.44,656,2018,3,7,7
83,RV84,Home Alone,C1,6624,162,206,0,4,20.22,364,2018,3,7,6
84,RV85,Home Alone,C1,2682,148,1,0,9,7.78,140,2018,3,7,5
85,RV86,Home Alone,C1,18828,868,178,1,4,57.83,1041,2018,3,7,4
86,RV87,Home Alone,C1,26388,679,787,1,5,81.11,1460,2018,3,7,3
87,RV88,Home Alone,C1,24696,1104,268,4,5,75.72,1363,2018,3,7,2
88,RV89,Home Alone,C1,20178,291,830,0,0,62.28,1121,2018,3,7,1
89,RV90,Home Alone,C1,8100,200,250,0,0,25.0,450,2018,2,6,30
90,RV91,Home Alone,C1,21762,705,504,1,1,67.06,1207,2018,2,6,29
91,RV92,Home Alone,C1,26640,147,1333,0,1,82.17,1479,2018,2,6,28
92,RV93,Home Alone,C1,29142,305,1314,1,1,89.83,1617,2018,2,6,27
93,RV94,Home Alone,C1,2178,117,4,0,4,6.5,117,2018,2,6,26
94,RV95,Home Alone,C1,3006,103,64,0,10,8.72,157,2018,2,6,25
95,RV96,Home Alone,C1,32292,438,1356,4,4,99.22,1786,2018,2,6,24
96,RV97,Home Alone,C1,15390,626,229,0,1,47.44,854,2018,2,6,23
97,RV98,Home Alone,C1,9684,451,87,1,4,29.61,533,2018,2,6,22
98,RV99,Home Alone,C1,27486,555,972,0,2,84.72,1525,2018,2,6,21
99,RV100,Home Alone,C1,28080,1114,446,1,6,86.28,1553,2018,2,6,20
100,RV101,Home Alone,C1,5004,163,115,0,6,15.11,272,2018,2,6,19
101,RV102,Home Alone,C1,23688,1248,68,1,6,72.72,1309,2018,2,6,18
102,RV103,Home Alone,C1,26280,74,1386,4,6,80.56,1450,2018,2,6,17
103,RV104,Home Alone,C1,10422,43,536,1,4,31.89,574,2018,2,6,16
104,RV105,Home Alone,C1,30384,170,1518,3,5,93.33,1680,2018,2,6,15
105,RV106,Home Alone,C1,30474,773,920,0,1,94.0,1692,2018,2,6,14
106,RV107,Home Alone,C1,19584,41,1047,2,3,60.17,1083,2018,2,6,13
107,RV108,Home Alone,C1,26802,653,836,0,0,82.72,1489,2018,2,6,12
108,RV109,Home Alone,C1,9198,41,470,4,5,27.89,502,2018,2,6,11
109,RV110,Home Alone,C1,15408,397,459,1,2,47.39,853,2018,2,6,10
110,RV111,Home Alone,C2,44622,1094,1385,2,3,98.96,2474,2018,2,6,10
111,RV112,Home Alone,C1,28800,226,1374,1,5,88.56,1594,2018,2,6,9
112,RV113,Home Alone,C2,27090,526,979,1,9,59.8,1495,2018,2,6,9
113,RV114,Home Alone,C1,10746,73,524,2,5,32.78,590,2018,2,6,8
114,RV115,Home Alone,C2,34020,1869,21,0,0,75.6,1890,2018,2,6,8
115,RV116,Home Alone,C1,18918,1045,6,2,6,57.94,1043,2018,2,6,7
116,RV117,Home Alone,C2,23436,827,475,0,4,51.92,1298,2018,2,6,7
117,RV118,Home Alone,C1,10962,476,133,0,10,33.28,599,2018,2,6,3
118,RV119,Home Alone,C2,39600,1942,258,0,3,87.88,2197,2018,2,6,3
119,RV120,Home Alone,C1,17478,107,864,0,0,53.94,971,2018,2,6,2
120,RV121,Home Alone,C2,33084,1339,499,4,6,73.12,1828,2018,2,6,2
121,RV122,Home Alone,C1,31230,1474,261,1,6,96.0,1728,2018,2,6,1
122,RV123,Home Alone,C2,34866,793,1144,3,6,77.12,1928,2018,2,6,1
123,RV124,Home Alone,C1,31014,198,1525,3,3,95.39,1717,2018,2,5,31
124,RV125,Home Alone,C2,23274,664,629,1,6,51.44,1286,2018,2,5,31
125,RV126,Home Alone,C1,3780,44,166,3,4,11.28,203,2018,2,5,30
126,RV127,Home Alone,C2,18720,367,673,0,0,41.6,1040,2018,2,5,30
127,RV128,Home Alone,C1,24714,200,1173,0,2,76.17,1371,2018,2,5,29
128,RV129,Home Alone,C2,44478,155,2316,4,6,98.44,2461,2018,2,5,29
129,RV130,Home Alone,C1,27540,1463,67,1,1,84.89,1528,2018,2,5,28
130,RV131,Home Alone,C2,11718,230,421,1,4,25.84,646,2018,2,5,28
131,RV132,Home Alone,C1,30060,1093,577,0,1,92.72,1669,2018,2,5,27
132,RV133,Home Alone,C2,24066,368,969,2,5,53.2,1330,2018,2,5,27
133,RV134,Home Alone,C1,18036,703,299,3,3,55.33,996,2018,2,5,26
134,RV135,Home Alone,C2,30708,613,1093,1,9,67.84,1696,2018,2,5,26
135,RV136,Home Alone,C1,23076,1281,1,2,7,70.72,1273,2018,2,5,25
136,RV137,Home Alone,C2,18594,536,497,1,7,41.0,1025,2018,2,5,25
137,RV138,Home Alone,C1,1980,36,74,1,6,5.72,103,2018,2,5,24
138,RV139,Home Alone,C2,2196,103,19,1,3,4.72,118,2018,2,5,24
139,RV140,Home Alone,C1,12546,501,196,0,3,38.56,694,2018,2,5,23
140,RV141,Home Alone,C2,43182,888,1511,2,3,95.76,2394,2018,2,5,23
141,RV142,Home Alone,C1,5310,244,51,3,3,16.06,289,2018,2,5,22
142,RV143,Home Alone,C1,13608,657,99,2,7,41.5,747,2018,2,5,21
143,RV144,Home Alone,C1,30348,1378,308,4,5,93.17,1677,2018,2,5,20
144,RV145,Home Alone,C1,5202,177,112,2,8,15.5,279,2018,2,5,19
145,RV146,Home Alone,C1,19458,1011,70,0,1,60.0,1080,2018,2,5,18
146,RV147,Home Alone,C1,22914,556,717,4,4,70.28,1265,2018,2,5,17
147,RV148,Home Alone,C1,16524,804,114,0,1,50.94,917,2018,2,5,16
148,RV149,Home Alone,C1,1440,9,71,0,5,4.17,75,2018,2,5,15
149,RV150,Home Alone,C1,7290,308,97,1,1,22.39,403,2018,2,5,14
150,RV151,Home Alone,C1,11376,585,47,0,1,35.06,631,2018,2,5,13
151,RV152,Home Alone,C1,15390,306,549,0,0,47.5,855,2018,2,5,12
152,RV153,Home Alone,C1,29466,1568,69,1,6,90.56,1630,2018,2,5,11
153,RV154,Home Alone,C1,24264,918,430,1,3,74.67,1344,2018,2,5,10
154,RV155,Home Alone,C1,2394,41,92,2,2,7.17,129,2018,2,5,9
155,RV156,Home Alone,C1,30168,617,1059,0,1,93.06,1675,2018,2,5,8
156,RV157,Home Alone,C1,6228,49,297,0,10,18.67,336,2018,2,5,7
157,RV158,One Piece Film: Red,C1,40900,150,1486,0,6,90.56,1630,2018,3,7,25
158,RV159,One Piece Film: Red,C2,6950,120,158,1,3,10.96,274,2018,3,7,25
159,RV160,One Piece Film: Red,C1,15125,17,588,0,1,33.56,604,2018,3,7,24
160,RV161,One Piece Film: Red,C2,52900,649,1467,2,8,84.24,2106,2018,3,7,24
161,RV162,One Piece Film: Red,C1,42675,1464,243,2,6,94.39,1699,2018,3,7,23
162,RV163,One Piece Film: Red,C2,4775,162,29,0,0,7.64,191,2018,3,7,23
163,RV164,One Piece Film: Red,C1,37500,1091,409,1,4,83.06,1495,2018,3,7,22
164,RV165,One Piece Film: Red,C2,51000,1233,807,2,7,81.24,2031,2018,3,7,22
165,RV166,One Piece Film: Red,C1,18500,251,489,3,3,40.78,734,2018,3,7,21
166,RV167,One Piece Film: Red,C2,39700,442,1146,0,3,63.4,1585,2018,3,7,21
167,RV168,One Piece Film: Red,C1,11025,281,160,0,0,24.5,441,2018,3,7,20
168,RV169,One Piece Film: Red,C2,39175,1405,162,0,8,62.36,1559,2018,3,7,20
169,RV170,One Piece Film: Red,C1,21550,610,252,0,0,47.89,862,2018,3,7,19
170,RV171,One Piece Film: Red,C2,51175,632,1415,2,2,81.72,2043,2018,3,7,19
171,RV172,One Piece Film: Red,C1,14425,118,459,1,7,31.61,569,2018,3,7,18
172,RV173,One Piece Film: Red,C2,55925,440,1797,5,5,89.08,2227,2018,3,7,18
173,RV174,One Piece Film: Red,C1,28850,1150,4,0,0,64.11,1154,2018,3,7,17
174,RV175,One Piece Film: Red,C2,29500,890,290,1,5,46.96,1174,2018,3,7,17
175,RV176,One Piece Film: Red,C1,15350,161,453,2,6,33.67,606,2018,3,7,16
176,RV177,One Piece Film: Red,C2,21550,692,170,3,5,34.16,854,2018,3,7,16
177,RV178,One Piece Film: Red,C1,40775,1113,518,4,5,90.11,1622,2018,3,7,15
178,RV179,One Piece Film: Red,C2,38600,1001,543,2,3,61.56,1539,2018,3,7,15
179,RV180,One Piece Film: Red,C1,42450,1067,631,0,4,94.11,1694,2018,3,7,14
180,RV181,One Piece Film: Red,C2,43125,180,1545,0,1,68.96,1724,2018,3,7,14
181,RV182,One Piece Film: Red,C1,2600,96,8,0,1,5.72,103,2018,3,7,13
182,RV183,One Piece Film: Red,C2,28650,440,706,0,0,45.84,1146,2018,3,7,13
183,RV184,One Piece Film: Red,C1,3925,99,58,3,3,8.39,151,2018,3,7,12
184,RV185,One Piece Film: Red,C2,8400,13,323,3,5,13.12,328,2018,3,7,12
185,RV186,One Piece Film: Red,C1,8525,341,0,1,2,18.78,338,2018,3,7,11
186,RV187,One Piece Film: Red,C2,42650,873,833,2,8,67.84,1696,2018,3,7,11
187,RV188,One Piece Film: Red,C1,20000,794,6,0,8,44.0,792,2018,3,7,10
188,RV189,One Piece Film: Red,C2,53025,1724,397,2,2,84.68,2117,2018,3,7,10
189,RV190,One Piece Film: Red,C1,16225,549,100,2,5,35.67,642,2018,3,7,8
190,RV191,One Piece Film: Red,C2,37800,766,746,3,3,60.24,1506,2018,3,7,8
191,RV192,One Piece Film: Red,C1,41575,924,739,0,8,91.94,1655,2018,3,7,7
192,RV193,One Piece Film: Red,C2,60150,1916,490,2,3,96.04,2401,2018,3,7,7
193,RV194,One Piece Film: Red,C1,1300,20,32,0,0,2.89,52,2018,3,7,6
194,RV195,One Piece Film: Red,C2,59750,547,1843,0,5,95.4,2385,2018,3,7,6
195,RV196,One Piece Film: Red,C1,9525,110,271,1,3,20.94,377,2018,3,7,5
196,RV197,One Piece Film: Red,C2,3650,55,91,0,1,5.8,145,2018,3,7,5
197,RV198,One Piece Film: Red,C1,20200,610,198,0,7,44.5,801,2018,3,7,4
198,RV199,One Piece Film: Red,C2,60650,1900,526,0,0,97.04,2426,2018,3,7,4
199,RV200,One Piece Film: Red,C1,34825,1018,375,2,4,77.06,1387,2018,3,7,3
200,RV201,One Piece Film: Red,C2,23875,864,91,1,3,38.04,951,2018,3,7,3
201,RV202,One Piece Film: Red,C1,22750,907,3,2,8,50.0,900,2018,3,7,2
202,RV203,One Piece Film: Red,C2,41450,188,1470,0,10,65.92,1648,2018,3,7,2
203,RV204,One Piece Film: Red,C1,2800,65,47,1,6,5.83,105,2018,3,7,1
204,RV205,One Piece Film: Red,C2,61525,986,1475,1,5,98.2,2455,2018,3,7,1
205,RV206,One Piece Film: Red,C1,28875,388,767,2,8,63.61,1145,2018,2,6,30
206,RV207,One Piece Film: Red,C2,55675,1387,840,3,7,88.68,2217,2018,2,6,30
207,RV208,One Piece Film: Red,C1,30275,437,774,0,1,67.22,1210,2018,2,6,29
208,RV209,One Piece Film: Red,C2,54800,860,1332,2,5,87.4,2185,2018,2,6,29
209,RV210,One Piece Film: Red,C1,15200,79,529,1,4,33.5,603,2018,2,6,28
210,RV211,One Piece Film: Red,C2,51950,646,1432,1,4,82.92,2073,2018,2,6,28
211,RV212,One Piece Film: Red,C1,33175,84,1243,0,4,73.5,1323,2018,2,6,27
212,RV213,One Piece Film: Red,C1,18725,367,382,2,5,41.22,742,2018,3,7,26
213,RV214,One Piece Film: Red,C2,56975,1563,716,2,4,90.92,2273,2018,3,7,26
214,RV215,One Piece Film: Red,C1,11375,269,186,0,2,25.17,453,2018,4,10,7
215,RV216,One Piece Film: Red,C1,44325,311,1462,1,8,98.0,1764,2018,3,9,25
216,RV217,One Piece Film: Red,C1,40650,1497,129,0,8,89.89,1618,2018,3,9,24
217,RV218,One Piece Film: Red,C1,25025,874,127,1,8,55.11,992,2018,3,9,23
218,RV219,One Piece Film: Red,C1,43925,1215,542,0,9,97.11,1748,2018,3,9,17
219,RV220,One Piece Film: Red,C1,14825,298,295,1,6,32.56,586,2018,3,9,16
220,RV221,One Piece Film: Red,C1,27325,946,147,0,3,60.56,1090,2018,3,9,15
221,RV222,One Piece Film: Red,C1,31575,850,413,0,0,70.17,1263,2018,3,9,14
222,RV223,One Piece Film: Red,C1,28050,1001,121,0,0,62.33,1122,2018,3,9,13
223,RV224,One Piece Film: Red,C1,40175,560,1047,2,4,88.94,1601,2018,3,9,12
224,RV225,One Piece Film: Red,C1,35325,961,452,1,3,78.28,1409,2018,3,9,11
225,RV226,One Piece Film: Red,C1,32200,1185,103,0,5,71.28,1283,2018,3,9,10
226,RV227,One Piece Film: Red,C1,14400,343,233,0,10,31.44,566,2018,3,9,9
227,RV228,One Piece Film: Red,C1,10825,233,200,3,4,23.67,426,2018,3,9,8
228,RV229,One Piece Film: Red,C1,28350,636,498,0,1,62.94,1133,2018,3,9,7
229,RV230,One Piece Film: Red,C1,39425,254,1323,1,7,87.17,1569,2018,3,9,6
230,RV231,One Piece Film: Red,C1,23800,653,299,0,9,52.39,943,2018,3,9,5
231,RV232,One Piece Film: Red,C1,9950,121,277,0,5,21.83,393,2018,3,9,4
232,RV233,One Piece Film: Red,C1,21600,437,427,0,6,47.67,858,2018,3,8,28
233,RV234,One Piece Film: Red,C1,31050,973,269,1,1,68.89,1240,2018,3,8,27
234,RV235,One Piece Film: Red,C1,37900,227,1289,1,3,84.0,1512,2018,3,8,26
235,RV236,One Piece Film: Red,C1,28875,453,702,5,5,63.61,1145,2018,3,8,25
236,RV237,One Piece Film: Red,C1,4900,2,194,0,7,10.5,189,2018,3,8,24
237,RV238,One Piece Film: Red,C1,11275,285,166,0,3,24.89,448,2018,3,8,23
238,RV239,One Piece Film: Red,C1,20100,448,356,1,1,44.56,802,2018,3,8,22
239,RV240,One Piece Film: Red,C1,3225,9,120,1,4,6.89,124,2018,3,8,21
240,RV241,One Piece Film: Red,C1,29075,738,425,0,2,64.5,1161,2018,3,8,20
241,RV242,One Piece Film: Red,C1,30925,991,246,1,6,68.33,1230,2018,3,8,19
242,RV243,One Piece Film: Red,C1,31375,893,362,0,9,69.22,1246,2018,3,8,18
243,RV244,One Piece Film: Red,C1,10550,223,199,3,3,23.11,416,2018,3,8,17
244,RV245,One Piece Film: Red,C1,25575,456,567,4,5,56.33,1014,2018,3,8,16
245,RV246,One Piece Film: Red,C1,41450,1452,206,0,0,92.11,1658,2018,3,8,15
246,RV247,One Piece Film: Red,C1,40450,1601,17,2,2,89.67,1614,2018,3,8,14
247,RV248,One Piece Film: Red,C2,35625,3,1422,1,5,56.76,1419,2018,3,8,14
248,RV249,One Piece Film: Red,C1,29350,115,1059,3,4,64.83,1167,2018,3,8,13
249,RV250,One Piece Film: Red,C1,4600,52,132,2,6,9.78,176,2018,3,8,12
250,RV251,One Piece Film: Red,C2,29100,128,1036,1,7,46.24,1156,2018,3,8,12
251,RV252,One Piece Film: Red,C1,32050,611,671,0,0,71.22,1282,2018,3,8,11
252,RV253,One Piece Film: Red,C2,28700,1122,26,2,2,45.76,1144,2018,3,8,11
253,RV254,One Piece Film: Red,C1,5050,150,52,3,6,10.72,193,2018,3,8,10
254,RV255,One Piece Film: Red,C2,61025,2312,129,0,4,97.48,2437,2018,3,8,10
255,RV256,One Piece Film: Red,C1,5325,85,128,0,1,11.78,212,2018,3,8,9
256,RV257,One Piece Film: Red,C2,6125,92,153,3,4,9.52,238,2018,3,8,9
257,RV258,One Piece Film: Red,C1,34975,771,628,3,3,77.39,1393,2018,3,8,8
258,RV259,One Piece Film: Red,C2,5800,23,209,0,5,9.08,227,2018,3,8,8
259,RV260,One Piece Film: Red,C1,25375,78,937,1,1,56.28,1013,2018,3,8,7
260,RV261,One Piece Film: Red,C2,40800,802,830,0,4,65.12,1628,2018,3,8,7
261,RV262,One Piece Film: Red,C1,10200,353,55,0,6,22.33,402,2018,3,8,6
262,RV263,One Piece Film: Red,C2,6300,153,99,0,0,10.08,252,2018,3,8,6
263,RV264,One Piece Film: Red,C1,35850,1244,190,0,2,79.56,1432,2018,3,8,5
264,RV265,One Piece Film: Red,C2,55175,1955,252,2,2,88.12,2203,2018,3,8,5
265,RV266,One Piece Film: Red,C1,39400,253,1323,2,3,87.28,1571,2018,3,8,4
266,RV267,One Piece Film: Red,C2,29375,503,672,4,4,46.68,1167,2018,3,8,4
267,RV268,One Piece Film: Red,C1,28950,607,551,0,4,64.11,1154,2018,3,8,3
268,RV269,One Piece Film: Red,C2,33550,327,1015,3,6,53.32,1333,2018,3,8,3
269,RV270,One Piece Film: Red,C1,14700,248,340,2,5,32.28,581,2018,3,8,2
270,RV271,One Piece Film: Red,C2,46950,744,1134,0,0,75.12,1878,2018,3,8,2
271,RV272,One Piece Film: Red,C1,17900,112,604,2,4,39.44,710,2018,3,8,1
272,RV273,One Piece Film: Red,C2,50750,1190,840,1,3,81.04,2026,2018,3,8,1
273,RV274,One Piece Film: Red,C1,13075,325,198,4,5,28.56,514,2018,3,7,31
274,RV275,One Piece Film: Red,C2,15425,0,617,1,6,24.4,610,2018,3,7,31
275,RV276,One Piece Film: Red,C1,27025,613,468,0,3,59.89,1078,2018,3,7,30
276,RV277,One Piece Film: Red,C2,13325,361,172,0,1,21.28,532,2018,3,7,30
277,RV278,One Piece Film: Red,C1,7700,111,197,0,1,17.06,307,2018,3,7,29
278,RV279,One Piece Film: Red,C2,32375,1187,108,0,1,51.76,1294,2018,3,7,29
279,RV280,One Piece Film: Red,C1,42750,848,862,0,2,94.89,1708,2018,3,7,28
280,RV281,One Piece Film: Red,C2,2725,25,84,1,4,4.16,104,2018,3,7,28
281,RV282,One Piece Film: Red,C1,12175,37,450,0,3,26.89,484,2018,3,7,27
282,RV283,One Piece Film: Red,C2,56025,2071,170,0,4,89.48,2237,2018,3,7,27
283,RV284,Avatar 2,C1,28375,757,378,0,5,62.78,1130,2018,2,5,24
284,RV285,Avatar 2,C2,45800,1520,312,1,2,73.16,1829,2018,2,5,24
285,RV286,Avatar 2,C1,14825,13,580,1,8,32.44,584,2018,2,5,23
286,RV287,Avatar 2,C2,61975,1538,941,5,5,98.76,2469,2018,2,5,23
287,RV288,Avatar 2,C1,36975,767,712,0,1,82.11,1478,2018,2,5,22
288,RV289,Avatar 2,C2,4225,70,99,0,0,6.76,169,2018,2,5,22
289,RV290,Avatar 2,C1,40400,113,1503,3,3,89.44,1610,2018,2,5,21
290,RV291,Avatar 2,C2,23425,758,179,4,6,37.08,927,2018,2,5,21
291,RV292,Avatar 2,C1,10600,96,328,2,3,23.28,419,2018,2,5,20
292,RV293,Avatar 2,C2,51225,1696,353,0,0,81.96,2049,2018,2,5,20
293,RV294,Avatar 2,C1,28900,146,1010,0,6,63.89,1150,2018,2,5,19
294,RV295,Avatar 2,C2,43600,1463,281,1,1,69.68,1742,2018,2,5,19
295,RV296,Avatar 2,C1,12475,164,335,0,9,27.22,490,2018,2,5,18
296,RV297,Avatar 2,C2,18425,348,389,1,4,29.28,732,2018,2,5,18
297,RV298,Avatar 2,C1,23250,2,928,0,1,51.61,929,2018,2,5,17
298,RV299,Avatar 2,C2,1675,17,50,0,0,2.68,67,2018,2,5,17
299,RV300,Avatar 2,C1,5125,19,186,0,0,11.39,205,2018,2,5,16
300,RV301,Avatar 2,C1,22600,511,393,0,0,50.22,904,2018,2,5,15
301,RV302,Avatar 2,C1,15750,151,479,0,2,34.89,628,2018,2,5,14
302,RV303,Avatar 2,C1,8900,27,329,0,0,19.78,356,2018,2,5,13
303,RV304,Avatar 2,C1,36600,240,1224,1,1,81.22,1462,2018,2,5,12
304,RV305,Avatar 2,C1,23575,688,255,4,6,51.83,933,2018,2,5,11
305,RV306,Avatar 2,C1,35225,94,1315,0,6,77.94,1403,2018,2,5,10
306,RV307,Avatar 2,C1,12800,72,440,0,0,28.44,512,2018,2,5,9
307,RV308,Avatar 2,C1,5025,148,53,2,3,10.89,196,2018,2,5,8
308,RV309,Avatar 2,C1,23400,474,462,1,2,51.83,933,2018,2,5,7
309,RV310,Avatar 2,C1,15125,414,191,0,1,33.56,604,2018,2,5,6
310,RV311,Avatar 2,C1,6525,34,227,2,3,14.22,256,2018,2,5,5
311,RV312,Avatar 2,C1,27100,532,552,0,0,60.22,1084,2018,2,5,4
312,RV313,Avatar 2,C1,28225,850,279,3,5,62.28,1121,2018,2,5,3
313,RV314,Avatar 2,C1,11100,27,417,0,3,24.5,441,2018,2,5,2
314,RV315,Avatar 2,C1,41425,218,1439,0,0,92.06,1657,2018,2,5,25
315,RV316,Avatar 2,C2,45450,70,1748,1,1,72.64,1816,2018,2,5,25
316,RV317,Avatar 2,C1,16325,652,1,1,3,36.06,649,2018,3,7,14
317,RV318,Avatar 2,C1,26525,558,503,1,2,58.78,1058,2018,3,7,11
318,RV319,Avatar 2,C1,23000,235,685,0,6,50.78,914,2018,3,7,10
319,RV320,Avatar 2,C1,5500,146,74,0,8,11.78,212,2018,3,7,8
320,RV321,Avatar 2,C1,43275,1206,525,2,2,95.94,1727,2018,3,7,7
321,RV322,Avatar 2,C1,23050,157,765,0,2,51.11,920,2018,3,7,6
322,RV323,Avatar 2,C1,3350,54,80,2,8,6.89,124,2018,3,7,5
323,RV324,Avatar 2,C1,9700,91,297,0,1,21.5,387,2018,3,7,4
324,RV325,Avatar 2,C1,14800,282,310,1,9,32.33,582,2018,3,7,3
325,RV326,Avatar 2,C1,11275,88,363,1,5,24.72,445,2018,3,7,2
326,RV327,Avatar 2,C1,34825,1164,229,0,1,77.33,1392,2018,3,7,1
327,RV328,Avatar 2,C1,25000,71,929,1,3,55.33,996,2018,2,6,30
328,RV329,Avatar 2,C1,40125,967,638,0,3,89.0,1602,2018,2,6,29
329,RV330,Avatar 2,C1,29250,129,1041,0,7,64.61,1163,2018,2,6,28
330,RV331,Avatar 2,C1,16800,16,656,1,7,36.89,664,2018,2,6,27
331,RV332,Avatar 2,C1,32725,284,1025,2,2,72.5,1305,2018,2,6,26
332,RV333,Avatar 2,C1,24750,435,555,0,4,54.78,986,2018,2,6,25
333,RV334,Avatar 2,C1,12625,290,215,2,3,27.78,500,2018,2,6,24
334,RV335,Avatar 2,C1,15225,139,470,0,0,33.83,609,2018,2,6,23
335,RV336,Avatar 2,C1,44325,618,1155,0,3,98.33,1770,2018,2,6,22
336,RV337,Avatar 2,C1,2900,80,36,2,7,5.94,107,2018,2,6,21
337,RV338,Avatar 2,C1,15000,474,126,0,1,33.28,599,2018,2,6,20
338,RV339,Avatar 2,C1,8650,179,167,1,6,18.83,339,2018,2,6,19
339,RV340,Avatar 2,C1,25200,675,333,1,3,55.78,1004,2018,2,6,18
340,RV341,Avatar 2,C1,20375,84,731,0,5,45.0,810,2018,2,6,17
341,RV342,Avatar 2,C1,13425,135,402,0,8,29.39,529,2018,2,6,16
342,RV343,Avatar 2,C1,16200,629,19,0,7,35.61,641,2018,2,6,15
343,RV344,Avatar 2,C1,22350,70,824,0,0,49.67,894,2018,2,6,14
344,RV345,Avatar 2,C1,29050,406,756,3,7,64.0,1152,2018,2,6,13
345,RV346,Avatar 2,C1,16825,114,559,2,6,36.94,665,2018,2,6,12
346,RV347,Avatar 2,C1,7675,172,135,0,4,16.83,303,2018,2,6,11
347,RV348,Avatar 2,C1,21600,385,479,1,1,47.89,862,2018,2,6,10
348,RV349,Avatar 2,C2,38900,1076,480,4,6,61.84,1546,2018,2,6,10
349,RV350,Avatar 2,C1,11475,216,243,2,5,25.11,452,2018,2,6,9
350,RV351,Avatar 2,C2,5175,62,145,2,4,8.04,201,2018,2,6,9
351,RV352,Avatar 2,C1,42825,1176,537,0,1,95.11,1712,2018,2,6,8
352,RV353,Avatar 2,C2,46325,1818,35,3,6,73.76,1844,2018,2,6,8
353,RV354,Avatar 2,C1,23250,127,803,0,0,51.67,930,2018,2,6,7
354,RV355,Avatar 2,C2,36000,264,1176,2,4,57.36,1434,2018,2,6,7
355,RV356,Avatar 2,C2,43925,926,831,2,4,70.04,1751,2018,2,6,3
356,RV357,Avatar 2,C1,9650,261,125,0,7,21.06,379,2018,2,6,2
357,RV358,Avatar 2,C2,54925,693,1504,1,6,87.6,2190,2018,2,6,2
358,RV359,Avatar 2,C1,27300,581,511,1,3,60.44,1088,2018,2,6,1
359,RV360,Avatar 2,C2,55025,424,1777,4,6,87.64,2191,2018,2,6,1
360,RV361,Avatar 2,C1,28075,445,678,3,4,62.0,1116,2018,2,5,31
361,RV362,Avatar 2,C2,7375,159,136,0,1,11.76,294,2018,2,5,31
362,RV363,Avatar 2,C1,4700,121,67,0,2,10.33,186,2018,2,5,30
363,RV364,Avatar 2,C2,43625,1549,196,1,6,69.52,1738,2018,2,5,30
364,RV365,Avatar 2,C1,36075,1087,356,3,4,79.78,1436,2018,2,5,29
365,RV366,Avatar 2,C2,48675,167,1780,0,0,77.88,1947,2018,2,5,29
366,RV367,Avatar 2,C1,21975,36,843,0,3,48.67,876,2018,2,5,28
367,RV368,Avatar 2,C2,38975,1545,14,0,8,62.04,1551,2018,2,5,28
368,RV369,Avatar 2,C1,22325,508,385,0,1,49.56,892,2018,2,5,27
369,RV370,Avatar 2,C2,57325,1611,682,0,1,91.68,2292,2018,2,5,27
370,RV371,Avatar 2,C1,3050,26,96,1,1,6.67,120,2018,2,5,26
371,RV372,Avatar 2,C2,60525,989,1432,1,2,96.72,2418,2018,2,5,26
372,RV373,Elemental,C1,28360,257,1161,0,4,78.56,1414,2018,1,3,16
373,RV374,Elemental,C1,35940,1171,626,1,2,99.67,1794,2018,1,3,15
374,RV375,Elemental,C1,34160,825,883,0,0,94.89,1708,2018,1,3,14
375,RV376,Elemental,C1,8220,98,313,0,7,22.44,404,2018,1,3,17
376,RV377,Elemental,C2,15440,28,744,2,3,30.68,767,2018,2,5,9
377,RV378,Elemental,C2,11180,315,244,3,6,22.0,550,2018,2,5,8
378,RV379,Elemental,C2,44140,728,1479,0,5,88.08,2202,2018,2,5,7
379,RV380,Elemental,C2,23440,953,219,1,3,46.72,1168,2018,2,5,6
380,RV381,Elemental,C2,12280,18,596,0,0,24.56,614,2018,2,5,5
381,RV382,Elemental,C2,39180,431,1528,0,2,78.28,1957,2018,2,5,4
382,RV383,Elemental,C2,34840,723,1019,2,7,69.32,1733,2018,2,5,3
383,RV384,Elemental,C2,33160,1229,429,1,2,66.2,1655,2018,2,5,2
384,RV385,Elemental,C1,16920,482,364,4,6,46.44,836,2018,2,5,1
385,RV386,Elemental,C2,43620,1895,286,0,1,87.2,2180,2018,2,5,1
386,RV387,Elemental,C1,5180,23,236,1,3,14.17,255,2018,2,4,30
387,RV388,Elemental,C2,13580,115,564,1,2,27.04,676,2018,2,4,30
388,RV389,Elemental,C1,11920,553,43,1,8,32.61,587,2018,2,4,29
389,RV390,Elemental,C2,29820,1103,388,4,6,59.24,1481,2018,2,4,29
390,RV391,Elemental,C1,27600,1321,59,0,1,76.61,1379,2018,2,4,28
391,RV392,Elemental,C2,48780,1936,503,0,0,97.56,2439,2018,2,4,28
392,RV393,Elemental,C1,20100,322,683,0,6,55.5,999,2018,2,4,27
393,RV394,Elemental,C2,37400,1553,317,4,4,74.48,1862,2018,2,4,27
394,RV395,Elemental,C1,9800,89,401,2,2,27.0,486,2018,2,4,26
395,RV396,Elemental,C2,37040,424,1428,0,1,74.04,1851,2018,2,4,26
396,RV397,Elemental,C1,28020,817,584,0,1,77.78,1400,2018,2,4,25
397,RV398,Elemental,C1,7360,279,89,1,4,20.17,363,2018,2,4,24
398,RV399,Elemental,C1,35440,1524,248,0,0,98.44,1772,2018,2,4,23
399,RV400,Elemental,C1,19560,742,236,2,5,53.94,971,2018,2,4,22
400,RV401,Elemental,C1,35660,1229,554,0,8,98.61,1775,2018,2,4,21
401,RV402,Elemental,C1,34640,919,813,1,7,95.78,1724,2018,2,4,20
402,RV403,Elemental,C1,3140,102,55,0,2,8.61,155,2018,2,4,19
403,RV404,Elemental,C1,1680,6,78,3,3,4.33,78,2018,2,4,18
404,RV405,Elemental,C1,26020,551,750,2,8,71.72,1291,2018,2,4,17
405,RV406,Elemental,C1,15220,106,655,2,5,41.89,754,2018,2,4,16
406,RV407,Elemental,C1,25140,1229,28,1,9,69.28,1247,2018,2,4,15
407,RV408,Elemental,C1,33020,948,703,2,2,91.5,1647,2018,2,4,14
408,RV409,Elemental,C1,31020,1257,294,5,5,85.61,1541,2018,2,4,13
409,RV410,Elemental,C1,1380,46,23,1,4,3.56,64,2018,2,4,12
410,RV411,Elemental,C1,29200,948,512,1,9,80.56,1450,2018,2,4,11
411,RV412,Elemental,C1,27700,191,1194,0,1,76.89,1384,2018,2,4,10
412,RV413,Elemental,C1,9180,366,93,3,7,24.94,449,2018,2,4,9
413,RV414,Elemental,C1,3700,182,3,0,0,10.28,185,2018,2,4,8
414,RV415,Elemental,C1,11920,142,454,0,0,33.11,596,2018,2,4,7
415,RV416,Elemental,C1,31260,759,804,0,0,86.83,1563,2018,2,4,6
416,RV417,Elemental,C1,21220,173,888,0,3,58.78,1058,2018,2,4,5
417,RV418,Elemental,C1,15380,722,47,0,9,42.22,760,2018,2,4,4
418,RV419,Elemental,C1,11020,133,418,2,3,30.33,546,2018,2,4,3
419,RV420,Elemental,C1,16440,513,309,1,3,45.44,818,2018,2,4,2
420,RV421,Elemental,C1,29320,1348,118,0,4,81.22,1462,2018,2,4,1
421,RV422,Elemental,C1,34180,1487,222,2,2,94.72,1705,2018,1,3,31
422,RV423,Elemental,C1,1320,10,56,0,9,3.17,57,2018,1,3,30
423,RV424,Elemental,C1,14260,186,527,2,5,39.22,706,2018,1,3,29
424,RV425,Elemental,C1,1120,30,26,3,6,2.61,47,2018,1,3,28
425,RV426,Elemental,C1,15000,676,74,2,4,41.33,744,2018,1,3,27
426,RV427,Elemental,C1,24400,176,1044,0,1,67.72,1219,2018,1,3,26
427,RV428,Elemental,C1,4620,122,109,0,5,12.56,226,2018,1,3,25
428,RV429,Elemental,C1,21580,342,737,0,0,59.94,1079,2018,1,3,24
429,RV430,Elemental,C1,5540,229,48,3,4,15.0,270,2018,1,3,23
430,RV431,Elemental,C1,14800,538,202,0,8,40.67,732,2018,1,3,22
431,RV432,Elemental,C1,27680,303,1081,3,4,76.5,1377,2018,1,3,21
432,RV433,Elemental,C1,22900,970,175,1,3,63.39,1141,2018,1,3,19
433,RV434,Elemental,C1,2040,65,37,0,0,5.67,102,2018,1,3,18
434,RV435,Wonka,C1,19205,33,802,0,9,45.89,826,2018,2,6,2
435,RV436,Wonka,C1,38226,602,1060,2,2,92.11,1658,2018,2,6,1
436,RV437,Wonka,C1,15594,636,42,0,4,37.44,674,2018,2,5,31
437,RV438,Wonka,C1,18032,199,585,1,4,43.28,779,2018,2,5,30
438,RV439,Wonka,C1,8556,107,265,3,6,20.17,363,2018,2,5,29
439,RV440,Wonka,C1,27623,1082,119,1,9,66.17,1191,2018,2,5,28
440,RV441,Wonka,C1,22908,849,147,2,2,55.11,992,2018,2,5,27
441,RV442,Wonka,C1,37076,180,1432,0,1,89.5,1611,2018,2,5,26
